{"overall": {"spearman": 0.18861575773774, "pearson": 0.21733208874683288, "n": 7981}, "per_system": {"systems": ["sys0001", "sys0002", "sys0003", "sys0004", "sys0005", "sys0006", "sys0007", "sys0008", "sys0009", "sys0010", "sys0011", "sys0012", "sys0013", "sys0014", "sys0015", "sys0016", "sys0017", "sys0018", "sys0019", "sys0020", "sys0021", "sys0022", "sys0023", "sys0024", "sys0025", "sys0026", "sys0027", "sys0028", "sys0029", "sys0030", "sys0031", "sys0032", "sys0033", "sys0034", "sys0035", "sys0036", "sys0037", "sys0038", "sys0039", "sys0040", "sys0041", "sys0042", "sys0043", "sys0044", "sys0045", "sys0046", "sys0047", "sys0048", "sys0049", "sys0050", "sys0051", "sys0052", "sys0053", "sys0054", "sys0055", "sys0056", "sys0057", "sys0058", "sys0059", "sys0060", "sys0061", "sys0062", "sys0063", "sys0064", "sys0065", "sys0066", "sys0067", "sys0068", "sys0069", "sys0070", "sys0071", "sys0072", "sys0073", "sys0074", "sys0075", "sys0076", "sys0077", "sys0078", "sys0079", "sys0080", "sys0081", "sys0082", "sys0083", "sys0084", "sys0085", "sys0086", "sys0087", "sys0088", "sys0089", "sys0090", "sys0091", "sys0092", "sys0093", "sys0094", "sys0095", "sys0096", "sys0097", "sys0098", "sys0099", "sys0100", "sys0101", "sys0102", "sys0103", "sys0104", "sys0105", "sys0106", "sys0107", "sys0108", "sys0109", "sys0110", "sys0111", "sys0112", "sys0113", "sys0114", "sys0115", "sys0116", "sys0117", "sys0118", "sys0119", "sys0120", "sys0121", "sys0122", "sys0123", "sys0124", "sys0125", "sys0126", "sys0127", "sys0128", "sys0129", "sys0130", "sys0131", "sys0132", "sys0133", "sys0134", "sys0135", "sys0136", "sys0137", "sys0138", "sys0139", "sys0140", "sys0141"], "tj_means": [-0.9489553193656766, -1.3506986111709751, -0.6058920367183734, -1.7011399865150452, -1.419834147108362, -1.1652656262068404, -0.702464524618905, -1.1522312197420332, -1.2818729413538863, -1.0702272631620107, -0.766076289021816, -0.6036929766618714, -0.5605849524211023, -1.3807066679000854, -0.5261877154566578, -1.1188944495215858, -1.1251687498897622, -0.6471712397038937, -1.2760790967941285, -1.1789507842063904, -1.0654491601472205, -0.7738812754396349, -0.8740456562954932, -0.5062233224697411, -1.0064377474288146, -1.2963838465511799, -1.1339428313076496, -0.7481038624910932, -1.4341859899936837, -1.251362370421188, -0.5216465317404148, -1.1286600258280621, -0.5018456380084618, -1.6152952544543209, -0.6489766160292285, -0.8628792496025562, -1.3212279975414276, -0.5302143259346486, -0.8116152637534672, -1.3810686773061753, -1.3793415433168412, -1.6039095854759216, -1.2807589028332684, -1.2899044853448869, -1.1513484442234039, -2.0573121380805968, -1.1607348140743043, -1.9875568866729736, -0.8853800611197948, -1.091756283044815, -1.3240342366695403, -1.2599921252992419, -1.67713802091537, -1.1613010283439391, -1.2930910313451611, -1.908709089756012, -1.3527526158094405, -1.7690838408470153, -0.43910703115165234, -0.26841462835669516, -1.3670170199871063, -1.166444664746523, -1.4088055908679962, -1.3893198901414872, -0.43235780149698255, -1.0439379876852035, -0.9653582797944545, -1.2857571852207184, -0.9929661793634296, -1.5087840068340301, -1.5205532681941987, -1.0449235075712204, -0.856619479060173, -1.8231350457668305, -1.3531605732440948, -1.3769926142692566, -1.1357031548023224, -0.9838748794794082, -0.9583858573758924, -1.3059493786579854, -1.142621156331655, -1.6877181124687195, -1.2583521681447183, -1.0301721942424775, -1.8181317782402038, -1.1283288341760636, -1.7624420285224915, -0.9775519335740491, -1.2005420929193498, -0.8025459221711284, -0.9900002837181091, -1.1976165294647216, -0.6010322577574037, -1.4398543046366783, -1.6997799718821491, -0.40803039864157187, -0.5268310986459255, -1.3395095658302307, -1.4286953999150185, -1.017773683006699, -1.1177626448869704, -0.7703654461197162, -1.4737684905529023, -1.0534483921527862, -0.6420894005606251, -1.9762729060649873, -1.2081717243418097, -0.8263712334632873, -1.3821110928058624, -1.2696515548229217, -1.6694489884376527, -1.2562124902009963, -0.8277480677515269, -1.1692259882887204, -0.9075298011302948, -1.2348879277706146, -0.8196065751090645, -0.9887143957118193, -0.8841923248767852, -0.37688072919845583, -1.3196699631214142, -0.7152105152606965, -0.6220183193683624, -1.2934929430484772, 0.08554578324158986, 0.009082972879211108, 0.05600776833792528, 0.03931889906525612, 0.03066241666674614, 0.0639616805439194, -0.5047756026188532, -0.38222746973236404, -0.4591090260694424, -0.395713521912694, -0.4607987730153676, -0.19304480043978528, -0.050801212999171445, -0.24273283493801437, -0.19735323830411353, -2.152084302902222, -0.15618349049808616], "mos_means": [4.408163265306122, 4.090721649484536, 3.0816326530612246, 4.21010101010101, 3.102127659574467, 3.94020618556701, 4.363636363636363, 3.9050505050505047, 4.018556701030928, 3.846315789473684, 4.153846153846153, 3.538144329896907, 4.453608247422681, 3.1632653061224483, 3.9340206185567013, 3.903092783505155, 4.10721649484536, 3.516, 4.164, 4.192, 4.023404255319149, 4.4375, 3.391666666666667, 4.166, 4.352083333333334, 3.9125, 4.0, 3.24421052631579, 3.606382978723404, 3.0626262626262637, 4.837113402061855, 3.85531914893617, 4.235051546391753, 3.9571428571428573, 4.426530612244899, 3.7720000000000002, 3.5720000000000005, 3.892, 3.137777777777779, 3.5040000000000004, 3.3279999999999994, 3.4759999999999995, 3.4, 3.2, 3.9959999999999996, 3.0359999999999996, 3.8000000000000003, 3.3679999999999994, 3.4240000000000004, 3.8080000000000003, 2.792, 4.04, 2.825806451612903, 3.574193548387097, 3.2486486486486483, 3.2760000000000002, 3.128, 2.8160000000000003, 3.7680000000000002, 3.6519999999999997, 3.2, 3.716, 3.1439999999999997, 3.056, 3.888000000000001, 3.816, 3.1079999999999997, 3.264, 3.07, 2.436, 2.816, 3.5599999999999996, 4.359999999999999, 3.092, 3.4960000000000004, 3.188, 3.0879999999999996, 3.224, 4.524324324324324, 3.4702702702702704, 3.945945945945946, 3.3520000000000003, 3.735483870967742, 3.3720000000000003, 3.424, 3.1839999999999997, 3.5559999999999996, 3.931578947368421, 3.592, 3.9947368421052634, 3.2, 3.108, 4.030303030303031, 3.329032258064516, 2.9185185185185185, 3.981818181818182, 3.908000000000001, 3.1279999999999997, 3.7612903225806456, 3.7351351351351347, 3.188, 4.257894736842106, 2.8599999999999994, 3.511999999999999, 3.716129032258065, 3.388, 3.891666666666667, 3.404, 3.76, 3.548, 3.6920000000000006, 3.2680000000000002, 3.3919999999999995, 4.0, 3.75, 4.132, 3.412, 3.9333333333333336, 3.1759999999999997, 3.78, 3.18, 4.2, 4.12, 4.0, 3.6183333333333336, 3.673333333333334, 3.646666666666668, 3.686666666666667, 3.681666666666666, 3.6566666666666667, 3.723333333333333, 3.763333333333334, 3.7400000000000007, 4.970000000000001, 3.786206896551724, 3.6400862068965516, 4.34375, 3.5732758620689653, 3.6163793103448274, 2.0375, 3.6334745762711864], "n_per_system": [98, 97, 98, 99, 94, 97, 99, 99, 97, 95, 78, 97, 97, 98, 97, 97, 97, 100, 100, 100, 94, 96, 96, 100, 96, 96, 94, 95, 94, 99, 97, 94, 97, 98, 98, 50, 50, 50, 45, 50, 50, 50, 37, 50, 50, 50, 36, 50, 50, 50, 50, 45, 31, 31, 37, 50, 50, 50, 50, 50, 50, 50, 50, 50, 50, 50, 50, 50, 200, 50, 50, 50, 50, 50, 50, 50, 50, 50, 37, 37, 37, 50, 31, 50, 50, 50, 50, 38, 50, 38, 50, 50, 33, 31, 27, 33, 50, 50, 31, 37, 50, 38, 50, 50, 31, 50, 24, 50, 50, 50, 50, 50, 50, 24, 8, 50, 50, 6, 50, 10, 50, 5, 5, 2, 30, 30, 30, 30, 30, 30, 30, 30, 30, 30, 29, 58, 56, 58, 58, 10, 59], "n_systems": 141, "spearman": 0.4395821270797098}, "n_total_rows": 7981}