{
  "retrain": {
    "0": [
      0.5384615384615384,
      0.5785953177257525,
      0.5451505016722408,
      0.5752508361204013,
      0.5418060200668896
    ],
    "3": [
      0.5719063545150501,
      0.5217391304347826,
      0.5719063545150501,
      0.5351170568561873,
      0.5384615384615384
    ],
    "10": [
      0.5719063545150501,
      0.5384615384615384,
      0.5117056856187291,
      0.5618729096989966,
      0.5217391304347826
    ],
    "30": [
      0.5551839464882943,
      0.5585284280936454,
      0.5953177257525084,
      0.5719063545150501,
      0.5217391304347826
    ],
    "100": [
      0.5585284280936454,
      0.5919732441471572,
      0.5384615384615384,
      0.5518394648829431,
      0.5384615384615384
    ],
    "250": [
      0.6053511705685619,
      0.5986622073578596,
      0.5618729096989966,
      0.5752508361204013,
      0.5083612040133779
    ]
  }
}