{
  "anchor": {
    "0": [
      0.5719063545150501,
      0.5317725752508361,
      0.5752508361204013,
      0.5484949832775919,
      0.5284280936454849
    ],
    "3": [
      0.5719063545150501,
      0.5183946488294314,
      0.5852842809364549,
      0.5852842809364549,
      0.568561872909699
    ],
    "10": [
      0.5752508361204013,
      0.5150501672240803,
      0.6053511705685619,
      0.5986622073578596,
      0.5852842809364549
    ],
    "30": [
      0.5819397993311036,
      0.5585284280936454,
      0.6254180602006689,
      0.5451505016722408,
      0.5719063545150501
    ],
    "100": [
      0.5852842809364549,
      0.6187290969899666,
      0.6555183946488294,
      0.5618729096989966,
      0.5852842809364549
    ],
    "250": [
      0.6187290969899666,
      0.6053511705685619,
      0.6020066889632107,
      0.6287625418060201,
      0.6053511705685619
    ]
  }
}