{
  "checkpoint": "checkpoints/tunejury.pt",
  "n_training_pairs": 17554,
  "pooled": {
    "p95": 4.604402668774126,
    "p99": 6.8237606739997885,
    "max": 9.347137689590454
  },
  "per_dataset": {
    "MA": {
      "n": 571,
      "max": 3.3119049966335297,
      "p95": 1.6027710139751434,
      "p99": 2.353925359249114
    },
    "MP": {
      "n": 2012,
      "max": 4.487090110778809,
      "p95": 2.3137385219335553,
      "p99": 3.274068363010882
    },
    "AIME": {
      "n": 12480,
      "max": 5.459096670150757,
      "p95": 2.2500125452876074,
      "p99": 3.3472077059745784
    },
    "SE": {
      "n": 2491,
      "max": 9.347137689590454,
      "p95": 7.066543221473694,
      "p99": 8.09453516006469
    }
  }
}