{
  "n": 100,
  "mean_baseline_clap": 0.1501397295622155,
  "mean_ditto_clap": 0.1933123455196619,
  "mean_delta_clap": 0.0431726159574464,
  "win_clap": 65
}